
		From Wikipedia, the free encyclopedia
		
		
		
		
		Jump to navigation
		Jump to search
		Pages may be added to this category using the {{geodis}} template or the geo parameter of the {{Disambiguation|geo}} template



Wikimedia Commons has media related to Disambiguation galleries of place names.

  Place name disambiguation pages Airport disambiguation  Country subdivision name disambiguation pages  Road disambiguation pages Station disambiguation pages

.mw-parser-output .large-cat-toc{box-sizing:border-box;display:block;clear:both}.mw-parser-output .large-cat-toc-body{text-align:center}.mw-parser-output .large-cat-toc-scroll{overflow-x:scroll;overflow-y:hidden;white-space:nowrap}.mw-parser-output .large-cat-toc.mw-collapsible{padding:4px;text-align:center;border:1px solid #a2a9b1;font-size:95%}.mw-parser-output .large-cat-toc .mw-collapsible-content{background-color:white;font-family:monospace,monospace}.mw-parser-output .large-cat-toc .mw-collapsible-content>span{border-bottom:1px solid #eaecf0}.mw-parser-output .large-cat-toc-jumpy-title{margin:0 4em}.mw-parser-output .large-cat-toc.mw-collapsible .toctitle,.mw-parser-output .large-cat-toc-title,.mw-parser-output .large-cat-toc-anum{font-weight:bold}Contents: Top 0–9 A B C D E F G H I J K L M N O P Q R S T U V W X Y Z* #  0 1 2 3 4 5 6 7 8 9 • A  Aa  Ae  Aj  Ao  At  • B  Ba  Be  Bj  Bo  Bt  • C  Ca  Ce  Cj  Co  Ct  • D  Da  De  Dj  Do  Dt  • E  Ea  Ee  Ej  Eo  Et  • F  Fa  Fe  Fj  Fo  Ft  • G  Ga  Ge  Gj  Go  Gt  • H  Ha  He  Hj  Ho  Ht  • I  Ia  Ie  Ij  Io  It  • J  Ja  Je  Jj  Jo  Jt  • K  Ka  Ke  Kj  Ko  Kt  • L  La  Le  Lj  Lo  Lt  • M  Ma  Me  Mj  Mo  Mt  • N  Na  Ne  Nj  No  Nt  • O  Oa  Oe  Oj  Oo  Ot  • P  Pa  Pe  Pj  Po  Pt  • Q  Qa  Qe  Qj  Qo  Qt  • R  Ra  Re  Rj  Ro  Rt  • S  Sa  Se  Sj  So  St  • T  Ta  Te  Tj  To  Tt  • U  Ua  Ue  Uj  Uo  Ut  • V  Va  Ve  Vj  Vo  Vt  • W  Wa  We  Wj  Wo  Wt  • X  Xa  Xe  Xj  Xo  Xt  • Y  Ya  Ye  Yj  Yo  Yt  • Z  Za  Ze  Zj  Zo  Zt 





Subcategories
This category has the following 4 subcategories, out of 4 total.
A
 Airport disambiguation‎ (1,236 P)C
  Country subdivision name disambiguation pages‎ (11 C, 1 P)R
  Road disambiguation pages‎ (1 C, 1,139 P)S
 Station disambiguation pages‎ (1,717 P)

Pages in category "Place name disambiguation pages"
The following 200 pages are in this category, out of approximately 63,069 total. This list may not reflect recent changes (learn more).
(previous page) (next page)0–9
1st arrondissement
2nd arrondissement
2nd district
3rd arrondissement
3rd district
4th arrondissement
5th arrondissement
6th arrondissement
7th arrondissement
8 Marta
8th arrondissement
9th arrondissement
10th arrondissement
11th arrondissement
12th arrondissement
13th arrondissement
23 August (disambiguation)
25 km
27 kmA
Å (disambiguation)
A Mountain
A-Town
Aabach
Aabenraa (disambiguation)
Aaby
Aach
Aachen (disambiguation)
Aalbach
Aalbek
Aalst
Aalsum
Åmot (disambiguation)
Aappilattoq
AAR
Aarah
Årdal (disambiguation)
Aare (disambiguation)
Aaronsburg
Årstad
Åse
Aasee
Aastrup
AASU
Aasuvälja
Aavere
Aaviku
Aaynata
Ab Anjir
Ab Anjir-e Sofla
Ab Bad
Ab Bahar
Ab Bakhsh
Ab Bakhshan
Ab Band
Ab Bandan
Ab Barik
Ab Barik-e Olya
Ab Barik-e Sofla
Ab Bid
Ab Bidak
Ab Bordeh
Ab Chenar
Ab Chenaru
Ab Chendar
Ab Chendaran
Ab Damil
Ab Dar
Ab Darreh
Ab Difeh
Ab Garmak
Ab Garmeh
Ab Garmu
Ab Gavan
Ab Gel
Ab Gerdu
Ab Jaz
Ab Kalaiyeh
Ab Kaseh
Ab Kenaru
Ab Kharzahreh
Ab Konar
Ab Kuleh Sar
Ab Lashkar
Ab Mahi
Ab Mal
Ab Mu
Ab Murd
Ab Naru
Ab Nik
Ab Niyeh
Ab Qaleh
Ab Rizak
Ab Sardan
Ab Sardu
Ab Sarduiyeh
Ab Sefid
Ab Shirin
Ab Surakh
Ab Tut
Ab Yad
Ab Zalu
Ab Zehlu
Ab-e Narak
Ab-e Sard
Aba
Abacı
Abaco
Abad
Abadan (disambiguation)
Abadchi
Abadeh (disambiguation)
Abadi
Abadiyeh
Abaga
Abai
Abaja
Abajaluy
Abakan (disambiguation)
Abala
Abalı
Aban (disambiguation)
Abana
Abanar
Abancay (disambiguation)
Abancourt
Abanoz
Abaran
Abarca
Abardeh
Abarghan
Abarlaq
Abaru
Abas-Abad
Abasha (disambiguation)
Abasolo
Abasolo Municipality
Abassia
Abatsky
Abay
Abay District
Abaza
Abazar
Abazu
Abba (disambiguation)
Abbanakuppe
Abbas
Abbas Bolaghi
Abbas Kandi
Abbas Kola
Abbas Yales
Abbasabad
Abbasabad-e Bala
Abbasabad-e Do
Abbasabad-e Olya
Abbasabad-e Yek
Abbasbəyli (disambiguation)
Abbasi, Iran
Abbasiyeh
Abbasqulular
Abbecourt
Abberton
Abbeville (disambiguation)
Abbey Gate
Abbey Green
Abbey Hill (disambiguation)
Abbey Mead
Abbey Park
Abbeydale
Abbeyville
Abbigeri
Abbihal
Abbotsfield
Abbotsford
Abbotswood
Abbott
Abbott Branch
Abbotts Creek Township, North Carolina
Abburu
ABC islands
ABD
Abd ol Aziz
Abd ol Maleki
Abd ol Razzaq
Abd-ol Seyyed
Abdabad
Abdal (disambiguation)
Abdalabad
Abdally
Abdangesar
Abdera
Abdo
Abdol Khakhi
Abdolabad
Abdollah Masud
Abdollahabad
Abdolreza, Iran
Abdul Aziz
Abdul Qadir (disambiguation)
Abdulinsky
Abdullah(previous page) (next page)

Retrieved from "https://en.wikipedia.org/w/index.php?title=Category:Place_name_disambiguation_pages&oldid=950793746"
		Categories: Disambiguation pagesHidden categories: Commons category link is on WikidataTemplate Large category TOC via CatAutoTOC on category with over 20,000 pagesCatAutoTOC generates Large category TOC
	