
		From Wikipedia, the free encyclopedia
		
		
		
		
		Jump to navigation
		Jump to search
		Pages are added to this category through the use of the {{disambiguation|given name}} template.

.mw-parser-output .hatnote{font-style:italic}.mw-parser-output div.hatnote{padding-left:1.6em;margin-bottom:0.5em}.mw-parser-output .hatnote i{font-style:normal}.mw-parser-output .hatnote+link+.hatnote{margin-top:-0.5em}See also: Category:Lists of people by given name

.mw-parser-output .large-cat-toc{box-sizing:border-box;display:block;clear:both}.mw-parser-output .large-cat-toc-body{text-align:center}.mw-parser-output .large-cat-toc-scroll{overflow-x:scroll;overflow-y:hidden;white-space:nowrap}.mw-parser-output .large-cat-toc.mw-collapsible{padding:4px;text-align:center;border:1px solid #a2a9b1;font-size:95%}.mw-parser-output .large-cat-toc .mw-collapsible-content{background-color:white;font-family:monospace,monospace}.mw-parser-output .large-cat-toc .mw-collapsible-content>span{border-bottom:1px solid #eaecf0}.mw-parser-output .large-cat-toc-jumpy-title{margin:0 4em}.mw-parser-output .large-cat-toc.mw-collapsible .toctitle,.mw-parser-output .large-cat-toc-title,.mw-parser-output .large-cat-toc-anum{font-weight:bold}Contents: Top 0–9 A B C D E F G H I J K L M N O P Q R S T U V W X Y Z* #  0 1 2 3 4 5 6 7 8 9 • A  Aa  Ae  Aj  Ao  At  • B  Ba  Be  Bj  Bo  Bt  • C  Ca  Ce  Cj  Co  Ct  • D  Da  De  Dj  Do  Dt  • E  Ea  Ee  Ej  Eo  Et  • F  Fa  Fe  Fj  Fo  Ft  • G  Ga  Ge  Gj  Go  Gt  • H  Ha  He  Hj  Ho  Ht  • I  Ia  Ie  Ij  Io  It  • J  Ja  Je  Jj  Jo  Jt  • K  Ka  Ke  Kj  Ko  Kt  • L  La  Le  Lj  Lo  Lt  • M  Ma  Me  Mj  Mo  Mt  • N  Na  Ne  Nj  No  Nt  • O  Oa  Oe  Oj  Oo  Ot  • P  Pa  Pe  Pj  Po  Pt  • Q  Qa  Qe  Qj  Qo  Qt  • R  Ra  Re  Rj  Ro  Rt  • S  Sa  Se  Sj  So  St  • T  Ta  Te  Tj  To  Tt  • U  Ua  Ue  Uj  Uo  Ut  • V  Va  Ve  Vj  Vo  Vt  • W  Wa  We  Wj  Wo  Wt  • X  Xa  Xe  Xj  Xo  Xt  • Y  Ya  Ye  Yj  Yo  Yt  • Z  Za  Ze  Zj  Zo  Zt 





Pages in category "Disambiguation pages with given-name-holder lists"
The following 200 pages are in this category, out of approximately 4,139 total. This list may not reflect recent changes (learn more).
(previous page) (next page)A
Aakash (disambiguation)
Aaro
Åse
Aatish
Aba
Abai
Abassi
Abbo
Abbos
Abda
Abdias
Abdo
Abdon
Abdul Rasul
Aben
Abhaya
Abhilasha
Abie
Abin
Abu
Abu Musab
Abu Nasr
Abu Omar
Abu Salim
Abu Talha
Acca
Achi
Achy
Acton
Adah
Adal
Adalet
Adda
Adema (disambiguation)
Adéodat
Adilet
Adim
Adinah (disambiguation)
Aditi (disambiguation)
Admetus (disambiguation)
Admiral (disambiguation)
Ado
Adon (disambiguation)
Adonis (disambiguation)
Adore
Advaita (disambiguation)
ADY
Aemilia
Aemilian (disambiguation)
Aemilius (disambiguation)
Aeron
Aeropus
Aeschines (disambiguation)
Aeschrion
Aethelheard
Æthelstan (disambiguation)
Aetius
AFA
Affie
Afrin
Afzal
Aga
Agah
Agariste
Agda
Ageha
AGI
Agide
Agidius
Agis
Agnar
Agni (disambiguation)
Ago
Agricola
Agrippa
Agrippinus
Águeda (disambiguation)
Ahai (disambiguation)
Ahed
Ahlam
Ahmad (disambiguation)
Ahti (disambiguation)
Aika
Aikoku
Ailbhe (disambiguation)
Ailes
Aimi
Ain (disambiguation)
Ainslee
Aitzaz
Akaji
Akani
Akash (disambiguation)
Ake (disambiguation)
Akeno
Akia
Akil
Akila
Al-Khalil (disambiguation)
Al-Zubayr (disambiguation)
Ala
Alamgir
Alamzeb
Alanis (disambiguation)
Alanus
Alar (disambiguation)
Alaric
Albany
Alberich (disambiguation)
Albertina (disambiguation)
Albertine
Alby
Alceste
Alcibiades (disambiguation)
Ale (disambiguation)
Alemão
Alena
Alene
Alesha
Alesia
Alesya
Alexandrine (disambiguation)
Alexis
Alge
Alhandra
Ali Akbar
Ali Baba (disambiguation)
Ali Haidar
Ali Naqi
Ali Sher
Alican (disambiguation)
Alide
Alijan
Alik
Alin
Alisa
Alishan
Alisson (disambiguation)
Alizé
Alka
Alkan
Allahverdi
Allaire
Allon
Allu
Almas
Almira (disambiguation)
Alo
Alparslan
Alphaeus (disambiguation)
Altair (disambiguation)
Alvarenga
Amad
Amadeo
Aman
Amar
Amara
Amason
Amato (disambiguation)
Amaury
Amaya
Amba
Ambroz
Ambrož
Ameinias
Amenemope
Amera
Americus
Amerigo
Amico
Amine (disambiguation)
Amini
Amitis
Ammon (disambiguation)
Amogh
Amon
Amour
Amrit (disambiguation)
Amrita (disambiguation)
Ananda (disambiguation)
Ananias
Ananta
Ananthu
Ananus (disambiguation)
Anar
Anas (disambiguation)
Anastasius
Ando (disambiguation)
Andor
Andre (disambiguation)
Andriana (disambiguation)
Andrina
Andrus
Aneurin
Angeli
Angelico
Angeline
Angell
Angelos (disambiguation)
Angier(previous page) (next page)

Retrieved from "https://en.wikipedia.org/w/index.php?title=Category:Disambiguation_pages_with_given-name-holder_lists&oldid=949920155"
		Categories: Disambiguation pagesGiven namesHidden categories: Template Large category TOC via CatAutoTOC on category with 2,001–5,000 pagesCatAutoTOC generates Large category TOC
	